-- MySQL dump 10.13  Distrib 8.0.32, for Win64 (x86_64)
--
-- Host: 127.0.0.1    Database: dbsimulacrosudi
-- ------------------------------------------------------
-- Server version	8.0.27

/*!40101 SET @OLD_CHARACTER_SET_CLIENT=@@CHARACTER_SET_CLIENT */;
/*!40101 SET @OLD_CHARACTER_SET_RESULTS=@@CHARACTER_SET_RESULTS */;
/*!40101 SET @OLD_COLLATION_CONNECTION=@@COLLATION_CONNECTION */;
/*!50503 SET NAMES utf8 */;
/*!40103 SET @OLD_TIME_ZONE=@@TIME_ZONE */;
/*!40103 SET TIME_ZONE='+00:00' */;
/*!40014 SET @OLD_UNIQUE_CHECKS=@@UNIQUE_CHECKS, UNIQUE_CHECKS=0 */;
/*!40014 SET @OLD_FOREIGN_KEY_CHECKS=@@FOREIGN_KEY_CHECKS, FOREIGN_KEY_CHECKS=0 */;
/*!40101 SET @OLD_SQL_MODE=@@SQL_MODE, SQL_MODE='NO_AUTO_VALUE_ON_ZERO' */;
/*!40111 SET @OLD_SQL_NOTES=@@SQL_NOTES, SQL_NOTES=0 */;

--
-- Table structure for table `carrera`
--

DROP TABLE IF EXISTS `carrera`;
CREATE TABLE `carrera` (
  `idcarrera` int NOT NULL AUTO_INCREMENT,
  `nombre` varchar(45) NOT NULL,
  `idFacultad` int NOT NULL,
  PRIMARY KEY (`idcarrera`),
  KEY `idFacultad_idx` (`idFacultad`),
  CONSTRAINT `idFacultad` FOREIGN KEY (`idFacultad`) REFERENCES `facultad` (`idfacultad`)
) ENGINE=InnoDB AUTO_INCREMENT=6 DEFAULT CHARSET=utf8mb4 COLLATE=utf8mb4_0900_ai_ci;
/


LOCK TABLES `carrera` WRITE;
INSERT INTO `carrera` VALUES (1,'ingenieria civil',1),(2,'ingenieria de petroleos',1),(3,'ingenieria de sistemas',1),(4,'ingenieria industrial',1),(5,'ingenieria mecatronica',1);

UNLOCK TABLES;


DROP TABLE IF EXISTS `facultad`;
CREATE TABLE `facultad` (
  `idfacultad` int NOT NULL AUTO_INCREMENT,
  `nombre` varchar(45) NOT NULL,
  PRIMARY KEY (`idfacultad`)
) ENGINE=InnoDB AUTO_INCREMENT=6 DEFAULT CHARSET=utf8mb4 COLLATE=utf8mb4_0900_ai_ci;
/



LOCK TABLES `facultad` WRITE;
INSERT INTO `facultad` VALUES (1,'ingenierias'),(2,'artes'),(3,'salud'),(4,'ciencias');
UNLOCK TABLES;


DROP TABLE IF EXISTS `infopruebpreg`;
CREATE TABLE `infopruebpreg` (
  `idinfoPrueb` int NOT NULL AUTO_INCREMENT,
  `idPregunta` int NOT NULL,
  PRIMARY KEY (`idinfoPrueb`,`idPregunta`),
  KEY `idPregunta_idx` (`idPregunta`),
  CONSTRAINT `idInfoPrueba` FOREIGN KEY (`idinfoPrueb`) REFERENCES `informepueba` (`idInforme`),
  CONSTRAINT `idPregunta` FOREIGN KEY (`idPregunta`) REFERENCES `pregunta` (`idPregunta`)
) ENGINE=InnoDB DEFAULT CHARSET=utf8mb4 COLLATE=utf8mb4_0900_ai_ci;
/
LOCK TABLES `infopruebpreg` WRITE;
UNLOCK TABLES;


DROP TABLE IF EXISTS `informepueba`;
CREATE TABLE `informepueba` (
  `idInforme` int NOT NULL AUTO_INCREMENT,
  `calificacion` int NOT NULL,
  `fechaHora` datetime NOT NULL,
  `idUsuario` int NOT NULL,
  `categoria` varchar(45) NOT NULL,
  PRIMARY KEY (`idInforme`),
  KEY `idUsuario_idx` (`idUsuario`),
  CONSTRAINT `idUsuario` FOREIGN KEY (`idUsuario`) REFERENCES `usuario` (`idusuario`)
) ENGINE=InnoDB AUTO_INCREMENT=26 DEFAULT CHARSET=utf8mb4 COLLATE=utf8mb4_0900_ai_ci;
/

LOCK TABLES `informepueba` WRITE;

INSERT INTO `informepueba` VALUES (20,8,'2023-06-05 15:26:22',2,'Razonamiento cuantitativo'),(21,8,'2023-06-05 15:26:23',2,'Razonamiento cuantitativo'),(22,7,'2023-06-05 22:21:49',4,'Ingles'),(23,7,'2023-06-05 22:21:49',4,'Ingles'),(24,6,'2023-06-06 17:32:51',2,'Competencias ciudadanas'),(25,6,'2023-06-06 17:32:52',2,'Competencias ciudadanas');
UNLOCK TABLES;



DROP TABLE IF EXISTS `pregunta`;

CREATE TABLE `pregunta` (
  `idPregunta` int NOT NULL AUTO_INCREMENT,
  `descripcion` varchar(10000) NOT NULL,
  `nivelDeDificultad` int NOT NULL,
  `categoria` varchar(1000) NOT NULL,
  `respuestaUno` varchar(1000) NOT NULL,
  `respuestaDos` varchar(1000) NOT NULL,
  `respuestaTres` varchar(1000) NOT NULL,
  `respuestaCorrecta` varchar(1000) NOT NULL,
  PRIMARY KEY (`idPregunta`)
) ENGINE=InnoDB AUTO_INCREMENT=41 DEFAULT CHARSET=utf8mb4 COLLATE=utf8mb4_0900_ai_ci;
/
LOCK TABLES `pregunta` WRITE;

INSERT INTO `pregunta` VALUES (1,'Pregunta Prueba',1,'Lectura critica','Uno','Dos','Tres','Correcta'),(2,'Aunque las comodidades de esta vida pueden aumentarse con la ayuda mutua, sin embargo, como eso se\npuede conseguir dominando a los demás mejor que asociándose con ellos, nadie debe dudar de que los\nhombres por su naturaleza, si no existiera el miedo, se verían inclinados más al dominio que a la sociedad. Por\nlo tanto, hay que afirmar que el origen de las sociedades grandes y duraderas no se ha debido a la mutua\nbenevolencia de los hombres sino al miedo mutuo.\nTomado de: Hobbes, T. (1999). Tratado sobre el ciudadano. trad. Joaquín Rodríguez Feo, Madrid, Trotta.\n¿Qué función cumple la expresión “sin embargo” en el texto anterior?',1,'Lectura critica','Aclarar la idea de que la ayuda mutua aumenta las comodidades con la idea de que el dominio de los\ndemás es una mejor forma de aumentarlas.','Desmentir la idea de que la ayuda mutua aumenta las comodidades y afirmar que es por medio del\ndominio de los demás se logra.','Cuestionar la idea de que la ayuda mutua aumenta las comodidades al afirmar que en realidad el dominio\npuede aumentarlas.','Contrastar la idea de que la ayuda mutua aumenta las comodidades, con la idea de que es más efectivo\ndominar a los demás para aumentarlas. '),(3,'Un sistema de transporte urbano en una ciudad de Colombia utiliza dos tipos de buses. La tabla muestra la información del número de pasajeros que puede transportar cada tipo de bus. Bus tipo 1:  Número de sillas: 36, Pasajeros de pie: 100. Bus tipo 2: Número de sillas: 48, Pasajeros de pie:112.  El sistema de trasporte cuenta con un total de 75 buses tipo I y 60 tipo II. La expresión que permite determinar la capacidad máxima de pasajeros que pueden transportar la totalidad de buses es',1,'Razonamiento cuantitativo','[75×(36+48)]+[60×(100+112)]',' (75+60)×(36+100+48+112).',' (75+60)+(36+100+48+112).','[75×(36+100)]+[60×(48+112)].'),(4,'En contra (y a favor) de las corridas ',1,'Lectura critica','La tolerancia es el medio para superar el desacuerdo.','La crianza de animales es una acción hipócrita','Las fiestas taurinas son un ritual de tortura.','Las corridas de toros deben prohibirse.'),(5,' La Justicia es en primer lugar una cualidad posible, pero no necesaria, de un orden social que regula las relaciones mutuas entre los hombres. Sólo secundariamente es una virtud humana, ya que un hombre es justo sólo si su conducta se adecúa a las normas de un orden social supuestamente justo. Pero ¿qué significa decir que un orden social es justo? Significa que este orden social regula la conducta de los hombres de un modo satisfactorio para todos, es decir, que todos los hombres encuentran en él la felicidad. La búsqueda de la Justicia es la eterna búsqueda de la felicidad humana.   Es una finalidad que el hombre no puede encontrar por sí mismo y por ello la busca en la sociedad. La Justicia es la felicidad social, garantizada por un orden social. Platón, identificando la Justicia con la felicidad, sostiene que un hombre justo es feliz y un hombre injusto es infeliz.  Evidentemente, la afirmación según la cual la Justicia es la felicidad no es una respuesta definitiva, sino una forma de eludir el problema. Pues inmediatamente se plantea la cuestión: ‘¿Qué es la felicidad?’.   Tomado de: Kelsen, H. (1992). ¿Qué es justicia?. Planeta-De Agostini.   Considere el siguiente enunciado:  “La búsqueda de la Justicia es la eterna búsqueda de la felicidad humana”.  ¿Cuál de las siguientes opciones se puede concluir del enunciado?',1,'Lectura critica','Quien busca la justicia no encuentra la felicidad.  ','El que busca la justicia nunca encuentra la felicidad.','El que busca la justicia siempre encuentra la felicidad.','Quien busca la justicia también busca la felicidad. '),(6,'Recientemente, Isabel se convirtió en madrastra de Felipe. Ella acaba de estrellar accidentalmente la bicicleta de Felipe porque él la dejó a la entrada del garaje. Felipe entra en la cocina con la llanta trasera de su bicicleta doblada.  Felipe: Te anotaste un punto. ¡Gracias por dejarme sin bicicleta!  Isabel: ¿Y cómo querías que la viera?  Felipe: ¡Pues usando el espejo retrovisor, así se hace!  Isabel: Perdón, pero escuché a tu padre decirte que dejaras tu bicicleta lejos.  Felipe: Ah. Se desploma en una silla y se sienta con la cabeza inclinada.  Isabel: Bueno, y ¿cómo te fue en el colegio hoy?  Ella le pasa una gaseosa.  Felipe hace ruido de desprecio.  Isabel: ¿Hiciste educación física hoy?  Felipe: No.  Isabel: Entonces, apuesto a que tuviste matemáticas.  Felipe: Sí. ¿Y qué?  Isabel: ¿Y qué hiciste…?  En este momento entra el padre de Felipe.  Felipe: (Sosteniendo su llanta doblada en las manos). ¡Mira lo que ella hizo!  Padre: En primer lugar, por favor, no le digas a Isabel “ella”. Eso es muy grosero. En segundo lugar, te he dicho que no dejes tu bicicleta a la entrada del garaje. No me sorprende que eso haya pasado.  Felipe: ¿Por qué siempre me echan la culpa? ¿Por qué no le dices a ella que tenga más cuidado? ¡Ella… Isabel me tiene que comprar una nueva!  Padre: ¡Por nada del mundo! Puedes empezar a ahorrar para comprar una y a lo mejor la cuidarás más cuando la compres con tu propio dinero.  Felipe: Te advierto, me voy a ir de la casa apenas tenga la edad para hacerlo. ¡Eres la persona más tacaña que haya conocido!  Se va dando un portazo.   La bicicleta averiada le da a Felipe una oportunidad de ',1,'Lectura critica','insultar a su padre. ','buscar el apoyo de su padre. ','demostrarle a Isabel que él es casi un adulto.','mostrar su resentimiento contra Isabel. '),(7,' EL CONSUMIDOR DEL “AJUSTE” Luis Enrique Alonso, autor español reconocido por sus estudios sociológicos sobre el nuevo consumidor, afirma que los consumidores del cambio del milenio superaron la llamada cultura light posmoderna y que hoy estamos frente al consumidor del ajuste; uno con fuerte tendencia a la personalización de las referencias y la individualización de los argumentos en las presentaciones de la identidad en la vida cotidiana. Dice, además, que la cultura de masas se ha vuelto más selectiva y el consumo se convierte en testigo de la afirmación de la personalidad, siguiendo pautas no tanto de adhesión a macrogrupos abstractos e indiferenciados, como a círculos, relatos y símbolos fuertemente particularistas.   Ese nuevo consumidor socializado exige y escoge con mayor libertad e inteligencia, es una mezcla de convicción, impulso de compra y reflexión; su compra está determinada por las percepciones, las representaciones y los valores que conforman su estilo de vida, su ámbito privado y este en razón de su pertenencia a un grupo que legitima su actuar.   Bien decía Mattelart que “la era de la mencionada sociedad de la información es también la de la producción de estados mentales”. Y es que este consumidor, compra y consume de acuerdo con su estado mental. Por eso, cada día con más fuerza, es necesario alcanzar a este consumidor en su cotidianidad y sorprenderlo no solo con la fuerza del mensaje sino con la novedad del medio: altas dosis de sorpresa y sentido de oportunidad. Lo ingenioso son los nuevos canales, las formas de entrometerse en su cotidianidad, generando percepciones favorables, amigables, positivas. Hoy la producción de “estados mentales” es garantía de posicionamiento, de recordación, de percepciones acordes al producto y la marca; porque en definitiva las personas no actúan por lo que oyen, sino por lo que “ven” en su imaginación cuando oyen, como lo dice Santiago Rodríguez, “la palabra mar no ahoga a nadie. El concepto que lleva dentro, sí”.   Adaptado de www.revistapym.com.co/Nohra Ramírez Herrera. Publicado el 3 de agosto del 2011.   La afirmación “La era de la mencionada sociedad de la información es también la de la producción de estados mentales” es: ',1,'Lectura critica','una conclusión a la que llega la autora del texto después de reconocer que hay un nuevo tipo de consumidor. ','una inferencia que resulta de relacionar las ideas del texto con la imagen del consumidor de la cultura light. ','un argumento sustentado desde el concepto de sociedad de la información asumido en el texto. ','una idea que se supone verdadera así no se planteen evidencias para comprobarla. '),(8,'Wendy, Valérie y todas las demás  A finales de 2000, Wendy, una adolescente hondureña, fue violada en grupo por pandilleros de la Mara Salvatrucha. Tras el ritual conocido como “el trencito”, los mareros decidieron hacer negocio y corrieron la voz de que cobraban cincuenta lempiras a quien quisiera tener relaciones con la muchacha.   El pasado diciembre la policía detuvo en Málaga a una rumana que había firmado un contrato para vender sus dos hijas a unos proxenetas. Por 5.000 euros aceptó que fueran llevadas a España a prostituirse.   Luisa, universitaria bogotana, empezó en un videochat. Le pagaban por desnudarse ante la cámara. De allí pasó a concertar citas vía celular y ya con clientes se enroló en un lujoso burdel: “Si estoy con un man que me gusta porque sí, ¿por qué no voy a estar con otro por plata?”. (…)   La Valeska vive en función de la plata. Ejerce la prostitución desde los 17 años, cuando aburrida del maltrato de su padre dejó la comodidad del barrio Laureles para ofrecerse en Bogotá. (…)   Poca gente pasa el umbral, pero son varias las vías para llegar al sexo pago. A pesar de esta verdad de a puño, muchos se resisten a la evidencia disponible y enfatizan una doctrina cada vez más terca e improcedente para la prevención: la prostitución siempre es forzada. Sin embargo, ¿cuántas personas venden su cuerpo empujadas por la miseria, cuántas obligadas por proxenetas, cuántas seducidas y abandonadas, cuántas huyendo del abuso, cuántas por morbo o curiosidad, cuántas por arribistas, cuántas por la adrenalina, cuántas por hipersexuales? ¿Cuántas Wendys por cada Valeska o cada Luisa? Nadie sabe, las respuestas no son obvias e incluso la disponibilidad de testimonios puede estar sesgada. Además de los antecedentes familiares o las experiencias individuales, el entorno y la época influyen.   En Colombia, aunque tenemos indicios de que el negocio de las prepagos está en franca expansión, no conocemos el tamaño de la actividad ni su composición. Nadie comprende bien por qué se inician, por qué se mantienen o por qué dejan la actividad, y cada vez es mayor la influencia de quienes no están interesados en que se sepa.   La industria del rescate es ya una poderosa alianza multinacional de burócratas, periodistas y oenegés (ONG) que logró simplificar hasta el absurdo el diagnóstico, demostrando de paso que no solo tiene más prejuicios que la Iglesia, los viejos criminólogos o los médicos higienistas sino que carece de cualquier vocación para entender lo que ocurre, lo que piensan o lo que quieren las víctimas. Esa alianza pretende intervenir un mercado sobre el que se sabe no solo poco, sino cada vez menos. (…)  “No me arrepiento absolutamente de nada”, dice una prostituta. Los momentos en el burdel “fueron unos de los mejores de mi vida, por el simple hecho de haber conocido a Giovanni y haber encontrado esa mujer nueva que soy ahora… Utilizar el sexo como medio para encontrar lo que todo el mundo busca: reconocimiento, placer, autoestima y, en definitiva, amor y cariño... ¿Qué hay de patológico en eso?”.  Rubio, M. (2012, junio). Wendy, Valérie y todas las demás. El malpensante, vol. 131. Tomado y adaptado de: http://www.elmalpensante.com/index.php?doc=display_contenido&id=2573  La afirmación de Luisa, “Si estoy con un man que me gusta porque sí, ¿por qué no voy a estar con otro por plata?”, implica que ella ',1,'Lectura critica','Toma decisiones dentro de las normas de una comunidad. ','No le da más importancia a los sentimientos que al dinero. ',' La opinión de los demás es importante a la hora de tomar decisiones.','Gusta de los hombres que tienen dinero. '),(9,'El volumen de la caja cúbica más pequeña que puede contener una esfera de 5 cm de radio es ____ cm³',1,'Razonamiento cuantitativo','125','250','500','1000'),(10,'Un sismólogo afirma que en cualquier año es más probable que sucedan sismos de baja que de alta magnitud. Según el registro histórico, la relación que justifica la opinión del sismólogo es:',1,'Razonamiento cuantitativo','A mayor magnitud, mayor cantidad de sismos','A mayor cantidad de sismos, menor magnitud de estos. ','A mayor cantidad de sismos, mayor magnitud de estos. ','A mayor magnitud, menor cantidad de sismos. '),(11,' A partir de los datos, una persona predice que en el 2011 se presentarán exactamente 173 sismos de magnitud igual o superior a 6,0 grados. Que esta persona acierte su predicción es:',1,'Razonamiento cuantitativo',' Imposible, pues el número de sismos, de cualquier magnitud, ha ido disminuyendo desde 2007.','Poco probable, porque de acuerdo con la tendencia el número de sismos en el 2011 será mayor que 173. ','Seguro, pues la tendencia de los dos años anteriores a 2011 indica que se presentarán 151 sismos de magnitud entre 6,0 y 6,9; 21 de magnitud entre 7,0 y 7,9; y 1 de magnitud superior a 8,0.','Incierta, pues a partir del número de sismos de cualquier magnitud presentado en el pasado no se puede predecir el número de sismos futuros'),(12,'Seis grifos, tardan 10 horas en llenar un depósito de 400 m³ de capacidad. ¿Cuántas horas tardarán cuatro grifos en llenar 2 depósitos de 500 m³ cada uno?',1,'Razonamiento cuantitativo','4.1 horas','16.6 horas','24 horas','37.5 horas'),(13,'Para cuatro empresas de servicios públicos (ESP), en determinado año se estimó la eficiencia en la atención de reclamos de los usuarios antes de 24 horas, así:  Energía: 2 de cada 3 reclamaciones fueron atendidas antes de 24 horas. Acueducto: 5 de cada 6 reclamaciones fueron atendidas antes de 24 horas. Telefonía: 9 de cada 10 reclamaciones fueron atendidas antes de 24 horas. Gas: 3 de cada 5 reclamaciones fueron atendidas antes de 24 horas.  Con esta información los usuarios podrán determinar cual empresa es la mas eficiente para atender las reclamaciones; sin embargo, con la información suministrada NO podrán determinar.',1,'Razonamiento cuantitativo',' el porcentaje de reclamaciones atendidas antes de 24 horas.','la ESP más eficiente teniendo en cuenta las reclamaciones atendidas sobre el total.',' La ESP menos eficiente teniendo en cuenta las reclamaciones sin atender sobre el total.','el número de reclamaciones sin atender antes de 24 horas.'),(14,' Para cuatro empresas de servicios públicos (ESP), en determinado año se estimó la eficiencia en la atención de reclamos de los usuarios antes de 24 horas, así:  Energía: 2 de cada 3 reclamaciones fueron atendidas antes de 24 horas. Acueducto: 5 de cada 6 reclamaciones fueron atendidas antes de 24 horas. Telefonía: 9 de cada 10 reclamaciones fueron atendidas antes de 24 horas. Gas: 3 de cada 5 reclamaciones fueron atendidas antes de 24 horas.  La eficiencia promedio de una ESP es:',1,'Razonamiento cuantitativo','72%',' 79%',' 80%','75%'),(15,'Un punto de apoyo se sitúa, de tal manera, que dos paquetes de 60 Kg. y 120 Kg. se equilibren. Si se le agregan 30 Kg. de peso al de 60 Kg., la carga de 120 Kg. debe recorrer a 1 m. más de distancia del punto de apoyo para mantenerse en equilibrio. Hallar la distancia original entre ambas cargas. ',1,'Razonamiento cuantitativo','10m','5m','15m','6m'),(16,'Las autoridades mundiales necesitan estimar la cantidad de sismos mensuales. Una forma de determinar esta frecuencia es:',1,'Razonamiento cuantitativo','El total de sismos sobre meses del año.','El total de sismos por año sobre días del año.','El total de sismos sobre su magnitud.',' El total de sismos por año sobre meses del año.'),(17,' La inversión en seguridad se realiza el 10 de enero de cada año. En enero 10 de 2002, un euro equivalía a 2.800 pesos colombianos, aproximadamente. Se proponen los siguientes procedimientos para hallar el valor de la inversión en seguridad en pesos colombianos:   I. Convertir 194,39 millones de euros a pesos colombianos.  II. Convertir 2.800 pesos colombianos a euros.  III. Multiplicar 194,39 por 2.800 y luego dividir entre el total de años.   ¿Cuál o cuáles de los procedimientos es correcto para hallar lo solicitado?',1,'Razonamiento cuantitativo','I y III solamente','II y III solamente. ','II solamente.',' I solamente. '),(18,' Una persona afirma:   “Como al día se ahorran 140 litros de petróleo por cada tonelada de papel y cartón reciclado en la ciudad, durante un mes se ahorrarán exactamente 30 veces 140 litros de petróleo”.   Su afirmación es:',1,'Razonamiento cuantitativo','incorrecta, porque debe tener en cuenta las 150 toneladas de papel y cartón reciclado por día.','correcta, porque tiene en cuenta que día tras día hay 140 litros más de petróleo ahorrado.','incorrecta, porque debe tener en cuenta las 25 toneladas de papel y cartón reciclado por día.','correcta, porque el número 30 indica el número de días que tiene un mes.'),(19,'People often cry when they feel like this.',1,'Ingles','Cold','Angry','Afraid','Sad'),(20,'If we feel like this, we want to eat something.',1,'Ingles','Angry','Happy','Cold','Hungry'),(21,'When we hate something, we sometimes feel like this.',1,'Ingles','Happy','Tired','Sad','Angry'),(22,'Some people usually feel like this when it\'s hot, and need to drink something.',1,'Ingles','Afraid','Cold','Hungry','Thirsty'),(23,'A person feels like this when they need to sleep after a long day.',1,'Ingles','sad','Happy','Afraid','Tired'),(24,'Do you prefer cats or dogs?',1,'Ingles','All right.','Do it this way.','It´s not OK. ','Both are nice. '),(25,'I forgot to turn the lights off.',1,'Ingles','How about this? ','Do it this way.','All right.','Are you sure? '),(26,' I am afraid my sister is sick.',1,'Ingles','Too late. ','Can I go now?','It\'s not OK','Oh, I’m sorry.'),(27,'Let’s go to the park next weekend.',1,'Ingles','As soon as possible. ','Hope it is. ','Just one.','Great idea.'),(28,'Can I talk to you for a minute?',1,'Ingles',' Be careful.','Just one.','Too late.','Of course.'),(29,' On Sunday, Tom gets up at 10 o\'clock. Then he reads his newspaper in the kitchen. He has breakfast at 11.30 and then he telephones his mother in Scotland. In the afternoon, at 1.00, Tom plays tennis with his sister and after that, they eat dinner in a restaurant. At 6.00, Tom swims for one hour and then he goes by bike to his brother\'s house. They talk and listen to music. Tom watches television in the evening and drinks a glass of warm milk. He goes to bed at 11.30.  Where does Tom have breakfast?',1,'Ingles','In his bedroom','In the lounge ','In the bathroom','In the kitchen'),(30,'Durante las épocas de lluvias, en muchas zonas rurales de Colombia se inundan escuelas y se interrumpen los caminos de acceso a estas. De acuerdo con lo anterior, y teniendo en cuenta la Constitución política de Colombia, ¿cuál de las siguientes soluciones vulnera el derecho a la educación?',1,'Competencias ciudadanas','Organizar esquemas de transporte para que los estudiantes vayan a clases en escuelas no afectadas por las inundaciones.','Ajustar el calendario para incluir los sábados como día escolar y que no haya clases en las épocas de inundación.','Realizar una parte de las clases con tutores a domicilio para reducir los días en los que los niños tienen que asistir presencialmente al colegio.','Trasladar a los niños a escuelas no inundadas dos veces por semana y reducir el número de horas de clases.'),(31,'Para solucionar los problemas de basuras de la capital del departamento, se decidió construir un relleno sanitario en un lote de otro municipio cercano, al cual se le compensaría económicamente por prestar este servicio a la capital. Según el Gobierno departamental, la escogencia del lote se hizo en conjunto con las autoridades ambientales y con la alcaldía del municipio. El proyecto del relleno sanitario cuenta con todas las licencias ambientales requeridas y su construcción es necesaria para la salubridad de la capital. En una consulta popular, los habitantes del municipio cercano votaron 96 % en contra de la construcción del relleno, porque consideran que este es una amenaza para la salud de la población y del ecosistema; además, disminuiría el valor de la tierra circundante. En esta situación, ¿cuáles de los siguientes aspectos están en conflicto?',1,'Competencias ciudadanas','El medio ambiente en la capital y la voluntad del Gobierno departamental.','La economía del municipio y las políticas medioambientales de la capital.','Las políticas económicas de la alcaldía del municipio y la salubridad de la capital.','La salubridad de la capital y la voluntad de los habitantes del municipio.'),(32,'Un grupo de activistas que defiende los derechos de los animales busca evitar que un centro de investigación siga utilizando cerdos para sus experimentos, pues los tratamientos incluyen procedimientos que se consideran maltrato y que en algunos casos terminan en la muerte de los animales. Por su parte, los investigadores defienden su uso, pues consideran que estos animales son la mejor opción para desarrollar sus medicinas sin poner en riesgo vidas humanas. Además, mencionan que el laboratorio no viola ninguna de las normas existentes sobre investigación con animales y que su labor permite proteger la vida de las personas. Las divergencias de intereses entre científicos y activistas radican en que:',1,'Competencias ciudadanas','Los activistas quieren oponerse al desarrollo económico, mientras que los científicos quieren mejorar la vida de todos.','Los activistas quieren cuestionar la efectividad de la ciencia, mientras que los científicos quieren evadir el control a su trabajo.','los científicos quieren utilizar a los animales como instrumentos de investigación, mientras que los activistas quieren que todos desarrollen sentimientos de apego hacia los animales.','Los científicos quieren priorizar la vida humana, mientras que los activistas quieren proteger lo que consideran el derecho de los animales a una vida sin sufrimiento.'),(33,'“El Estado y la Iglesia deben estar separados”. ¿Cuál de los siguientes enunciados es coherente con la afirmación anterior?',1,'Competencias ciudadanas','El único matrimonio válido frente al Estado es el matrimonio por la Iglesia católica.','El diezmo será descontado automáticamente del salario de los empleados públicos.',' La fe de bautismo es el único documento que equivale al registro civil de los ciudadanos.','Los estudiantes de colegios públicos no están obligados a asistir a clase de religión.'),(34,'Después de una fuerte temporada de lluvias, el Gobierno nacional despliega ayudas para atender a la población afectada. No obstante, los daños materiales y de afectación a la vida y a la salud de las personas son muy grandes. Se hace un llamado a la ciudadanía para que aporte dinero y materiales y así poder brindar una mejor respuesta a la emergencia. Tras este llamado, la respuesta de la ciudadanía es casi nula. Teniendo en cuenta lo planteado en la Constitución política colombiana, esta respuesta de la ciudadanía refleja ',1,'Competencias ciudadanas','la incapacidad del Gobierno nacional para atender la emergencia.','la deficiencia en la infraestructura nacional para la prevención de desastres. ','la libertad de los ciudadanos para decidir el uso de sus recursos propios.','la inobservancia del principio de solidaridad por parte de los ciudadanos. '),(35,'Algunas personas critican a los policías de tránsito y los culpan de grandes congestiones de vehículos en las ciudades, porque observan que cuando hay una gran congestión es frecuente que haya un policía guiando el tránsito. ¿Cuál de los siguientes es un argumento válido para contradecir la postura expuesta?',1,'Competencias ciudadanas','Los policías no deben ser cuestionados, ya que representan a una institución que está hecha para ayudar. ','Los policías hacen adecuadamente su labor, pero no son suficientes para evitar todas las congestiones de vehículos que se presentan. ','El hecho de que haya grandes congestiones vehiculares no significa que los policías no estén capacitados adecuadamente.','El hecho de que los policías estén donde hay grandes congestiones de vehículos no quiere decir que ellos sean quienes los originan. '),(36,'Un Gobierno ofreció reducir impuestos a las empresas privadas que generen nuevos empleos. El gerente de una reconocida empresa que anualmente paga importantes sumas de dinero en impuestos, dijo: \"Para acogerse al beneficio, mi empresa puede abrir 100 nuevas plazas para operarios, siempre y cuando quienes se postulen hayan nacido en municipios de tierra fría, porque los habitantes de tierra caliente no trabajan igual. Estoy seguro de que la junta directiva de la empresa estará de acuerdo conmigo\". ¿Cuál de los siguientes es una consecuencia de lo dicho por el gerente? ',1,'Competencias ciudadanas','Los miembros de la junta directiva de la empresa respaldaron el pronunciamiento porque implica seleccionar a los mejores trabajadores','Los empresarios del país respaldarían el pronunciamiento porque significaría un aumento de empleo en los municipios de tierra fría. ','Representantes del Gobierno se opondrían a la pretensión de la empresa de aprovechar la política para reducir sus impuestos. ','Representantes de los trabajadores se opondrían porque se basa en un prejuicio personal en contra de los empleados de tierra caliente.'),(37,'Un estudio reveló que el 30 % de las mujeres en Colombia son víctimas de violencia física. A partir de este estudio varias organizaciones feministas solicitaron el endurecimiento de las penas para las personas que ejercían violencia contra las mujeres. Ante esta petición un funcionario del Gobierno señaló que el estudio no era confiable, porque no consideraba los distintos contextos de estas agresiones y que era muy importante tener en cuenta la justificación de los hechos. Según la información presentada, la afirmación del funcionario podría tener como consecuencia que: ',1,'Competencias ciudadanas','Se cuestione la idoneidad de los investigadores que realizaron el estudio. ','Se entienda la necesidad de contar con estrategias efectivas para prevenir la violencia contra las mujeres. ','Se reconozca la gravedad de los actos de violencia en contra de las mujeres. ','Se minimice la responsabilidad de los victimarios en los casos de violencia en contra de las mujeres.'),(38,'Ante los crecientes robos a residencias en algunos sectores de estratos altos de una ciudad, el alcalde está considerando autorizar el cierre de grandes sectores residenciales que agrupen varios barrios de la ciudad, para que sean vigilados por seguridad privada y para que solo se permita la entrada a los residentes o a personas autorizadas por estos. A la hora de evaluar la propuesta, ¿qué intereses podrían entrar en conflicto? ',1,'Competencias ciudadanas','Los de las empresas de seguridad privada que buscan expandir su negocio y los de los residentes de los barrios cerrados quienes tendrían que soportar controles de seguridad a diario.','Los de las empresas de seguridad privada que serían contratadas para cuidar los sectores encerrados, y los de la Policía encargada de la seguridad en la ciudad.','Los de los residentes que buscan su beneficio particular y los intereses del gobierno local que debe encargarse del bienestar de la comunidad. ','Los de los residentes que buscan su seguridad, y los de los demás habitantes de la ciudad que dejarían de tener acceso a las vías y otros espacios públicos de los sectores encerrados. '),(39,'A raíz de la autocensura de varios medios europeos acerca de temas de religión, en 2005 un periódico danés le pidió a varios caricaturistas expresar sus impresiones y sentimientos sobre el Islam. Como resultado, el periódico publicó doce caricaturas sobre Mahoma, los cuales despertaron la rabia de muchos musulmanes que protestaron por este hecho. En esta situación, ¿qué aspectos están en conflicto?',1,'Competencias ciudadanas','La libertad de expresión a través de los medios y el uso de caricaturas para tratar temas religiosos','Las democracias de los países europeos industrializados y las teocracias de algunos países de Oriente. ','Las religiones occidentales como el Cristianismo y el Judaísmo, y las religiones orientales como el Islam.','La libertad de expresión de los caricaturistas y las creencias religiosas de un grupo de personas. '),(40,'El Gobierno ha anunciado que otorgará beneficios a las empresas que contraten a personas que hayan dejado de consumir sustancias psicoactivas y se hayan rehabilitado. Una empresa decide acogerse a este beneficio y, tras un proceso de selección, contrata a varias personas rehabilitadas. En un conversatorio con los empleados, uno de los directivos dice lo siguiente: “Esta empresa tiene gran compromiso social. Aunque es muy difícil que los nuevos puedan tener un nivel de desempeño alto en la compañía, dadas sus adicciones anteriores, nosotros cumplimos con darles el beneficio de la duda\". ¿Cuál podría ser un efecto de lo que dijo este directivo?',1,'Competencias ciudadanas','Que los nuevos trabajadores sientan el respaldo de la compañía. ','Que los nuevos trabajadores les colaboren en sus labores a los demás. ','Que los demás trabajadores desconfíen de las habilidades sociales de los nuevos. ','Que los demás trabajadores duden de las capacidades laborales de los nuevos. ');

UNLOCK TABLES;



DROP TABLE IF EXISTS `usuario`;
CREATE TABLE `usuario` (
  `idusuario` int NOT NULL AUTO_INCREMENT,
  `numeroDocumento` varchar(45) NOT NULL,
  `nombreCompleto` varchar(45) NOT NULL,
  `correo` varchar(45) NOT NULL,
  `rol` varchar(45) NOT NULL,
  `contraseña` varchar(45) NOT NULL,
  `numeroCelular` varchar(45) NOT NULL,
  `semestre` int NOT NULL,
  `estado` varchar(45) NOT NULL,
  `idCarrera` int NOT NULL,
  `nivelIngles` int DEFAULT NULL,
  `nivelLectura` int DEFAULT NULL,
  `nivelCuantitativo` int DEFAULT NULL,
  `nivelCiudadanas` int DEFAULT NULL,
  `nivelEscrita` int DEFAULT NULL,
  PRIMARY KEY (`idusuario`),
  KEY `idCarrera_idx` (`idCarrera`),
  CONSTRAINT `idCarrera` FOREIGN KEY (`idCarrera`) REFERENCES `carrera` (`idcarrera`)
) ENGINE=InnoDB AUTO_INCREMENT=5 DEFAULT CHARSET=utf8mb4 COLLATE=utf8mb4_0900_ai_ci;
/

LOCK TABLES `usuario` WRITE;

INSERT INTO `usuario` VALUES (1,'1005371895','Miguel Angel Becerra Solano','mbecerra3@udi.edu.co','Administrador','123','3166767665',9,'Activo',3,NULL,NULL,NULL,NULL,NULL),(2,'1006789225','Pepe Blanco','pepe@gmail.com','Estudiante','123','3166863449',8,'Activo',3,1,1,1,1,1),(3,'1268000','Señor auditor','auditor@gmail.com','Auditor','123','316818137',1,'Activo',1,1,1,1,1,1),(4,'12680003','Cristian bueno','cristian@gmail.com','Estudiante','123','60548461',9,'Activo',2,1,1,1,1,1);

UNLOCK TABLES;


/*!40101 SET SQL_MODE=@OLD_SQL_MODE */;
/*!40014 SET FOREIGN_KEY_CHECKS=@OLD_FOREIGN_KEY_CHECKS */;
/*!40014 SET UNIQUE_CHECKS=@OLD_UNIQUE_CHECKS */;
/*!40101 SET CHARACTER_SET_CLIENT=@OLD_CHARACTER_SET_CLIENT */;
/*!40101 SET CHARACTER_SET_RESULTS=@OLD_CHARACTER_SET_RESULTS */;
/*!40101 SET COLLATION_CONNECTION=@OLD_COLLATION_CONNECTION */;
/*!40111 SET SQL_NOTES=@OLD_SQL_NOTES */;

-- Dump completed on 2023-06-06 17:42:19
